period_year,period_month,total_sales_units,match_pattern,evidence_window,pdf_path,pdf_sha256,pdf_url
2026,12,12933,"(aggregate|overall|total)[^0-9]{0,140}\bsales\b[^0-9]{0,160}(\d{1,3}(?:[,\s]\d{3})+|\d{5,6})",63 5 104 5 -39.4% 0.0% 96 1 956 50 945 50 1.2% 0.0% Industry Total 48 983 26 852 41 101 29 955 19.2% -10.4% 54 765 35 905 596 818 408 224 515 976 391 129 15.7% 4.4% * Sales are estimates ** Reported aggregate sales numbers only Local Exp TOYOTA 12 933 8 063 VOLKSWAGEN GROUP SA 5 014 4 232 SUZUKI AUTO 4 961 12 HYUNDAI AUTOMOTIVE SOUTH AFRICA 3 068 - FORD MOTOR COMPANY 2 987 5 505 GWM SA 2 453 127 CHERY AUTO SOUTH AFRICA 2 249 - ISUZU MOTORS SOUTH A,data\raw\naamsa_pdfs\2026_01_20260107-Flash-Report-Standard-December-2025-1.pdf,a62cfafdbf88e9bbbf82d21875e6b61b12fb0078c5e57eea5c1bc168bc284f51,https://naamsa.net/wp-content/uploads/2026/01/20260107-Flash-Report-Standard-December-2025-1.pdf
2026,1,48983,"(aggregate|overall|total)\s+(domestic\s+)?(industry\s+)?new\s+vehicle\s+sales[^0-9]{0,160}(\d{1,3}(?:[,\s]\d{3})+|\d{5,6})","liquidity injection from the ""two-pot"" retirement system withdrawals. 1. BRIEF COMMENT ON DECEMBER 2025 SALES The new vehicle market registered a strong conclusion to the year in December 2025, with aggregate industry new vehicle sales reaching 48,983 units, an increase of 7,882 vehicles compared to the 41,101 units recorded in December 2024. This year-end momentum coincided with festive cheer as consumer confidence showed a notable improvement in",data\raw\naamsa_pdfs\2026_01_20260107-naamsa-January-2026-New-Vehicle-Sales-Media-Release.pdf,99de9d3fb989022cd06cca675fe5fa5557c54a274c4a8bdfa43975ad89de8e23,https://naamsa.net/wp-content/uploads/2026/01/20260107-naamsa-January-2026-New-Vehicle-Sales-Media-Release.pdf
2025,12,41273,"(aggregate|overall|total)\s+(domestic\s+)?(industry\s+)?new\s+vehicle\s+sales[^0-9]{0,160}(\d{1,3}(?:[,\s]\d{3})+|\d{5,6})","ars and is likely to be delayed for another year. 1. BRIEF COMMENT ON DECEMBER 2024 SALES The new vehicle market registered its third consecutive month of year-on-year increase in December 2024, with aggregate industry new vehicle sales at 41,273 units recording an increase of 1,011 vehicles or a gain of 2,5% compared to the total new vehicle sales of 40,262 units during the corresponding month 2023. The December 2024 new passenger car market",data\raw\naamsa_pdfs\2025_01_20250107-naamsa-December-2024-and-full-year-new-vehicle-sales-media-release.pdf,7a8ea0299a237abedec60a39a07c0fab758d46261339c6532444ed04e9108437,https://naamsa.net/wp-content/uploads/2025/01/20250107-naamsa-December-2024-and-full-year-new-vehicle-sales-media-release.pdf
2025,11,13576,"(aggregate|overall|total)[^0-9]{0,140}\bsales\b[^0-9]{0,160}(\d{1,3}(?:[,\s]\d{3})+|\d{5,6})",96 1 103 10 -6.8% -90.0% 77 4 893 45 841 45 6.2% 0.0% Industry Total 54 896 35 848 48 783 37 285 12.5% -3.9% 55 973 32 661 547 966 381 315 474 876 361 174 15.4% 5.6% * Sales are estimates ** Reported aggregate sales numbers only Local Exp TOYOTA 13 576 6 453 SUZUKI AUTO 6 385 20 VOLKSWAGEN GROUP SA 6 044 11 536 FORD MOTOR COMPANY 3 095 8 107 HYUNDAI AUTOMOTIVE SOUTH AFRICA 3 051 - GWM SA 2 534 12 CHERY AUTO SOUTH AFRICA 2 506 - ISUZU MOTORS SOUTH A,data\raw\naamsa_pdfs\2025_12_20251201-Flash-Report-Standard-November-2025.pdf,1b735c3e6c8119cf8120d5394fc383bab07df5fca6dff67660772316c8ade35b,https://naamsa.net/wp-content/uploads/2025/12/20251201-Flash-Report-Standard-November-2025.pdf
2025,11,54896,"(aggregate|overall|total)\s+(domestic\s+)?(industry\s+)?new\s+vehicle\s+sales[^0-9]{0,160}(\d{1,3}(?:[,\s]\d{3})+|\d{5,6})","llowing South Africa’s first credit rating upgrade in nearly two decades. Export volumes decreased but remained resilient in view of softer global demand conditions and renewed geopolitical tensions. Aggregate domestic new vehicle sales reached 54,896 units in November 2025, increasing by 6,113 units, or 12,5%, compared to the 48,783 units recorded in November 2024. Year-to-date, the new vehicle market was 15,4% ahead of the corresponding period i",data\raw\naamsa_pdfs\2025_12_20251201-naamsa-November-2025-New-Vehicle-Sales-Media-Release.pdf,76caeed96dadacd8faa511572c6385c6f957f6454316c415fd36538352c9d1ed,https://naamsa.net/wp-content/uploads/2025/12/20251201-naamsa-November-2025-New-Vehicle-Sales-Media-Release.pdf
2025,10,55956,"(aggregate|overall|total)\s+(domestic\s+)?(industry\s+)?new\s+vehicle\s+sales[^0-9]{0,160}(\d{1,3}(?:[,\s]\d{3})+|\d{5,6})","hicle market continued its upward trajectory in October 2025, supported by easing inflation, a firmer rand, continued signs of improving consumer sentiment, and demand recovery in key export markets. Aggregate domestic new vehicle sales rose to 55,956 units in October 2025, the highest monthly total since March 2015, increasing by 7,734 units, or 16,0% compared to the 48,222 units recorded in October 2024, demonstrating sustained momentum into the",data\raw\naamsa_pdfs\2025_11_20251103-naamsa-October-2025-New-Vehicle-Sales-Media-Release.pdf,77939d3ddab8f7b966a540f9d732d9d0b1bf50bc1b1ba87fd8dfaacdd3bea129,https://naamsa.net/wp-content/uploads/2025/11/20251103-naamsa-October-2025-New-Vehicle-Sales-Media-Release.pdf
2025,10,13559,"(aggregate|overall|total)[^0-9]{0,140}\bsales\b[^0-9]{0,160}(\d{1,3}(?:[,\s]\d{3})+|\d{5,6})",kg 77 4 80 4 -3.8% 0.0% 138 6 797 44 738 35 8.0% 25.7% Industry Total 55 956 32 659 48 222 32 481 16.0% 0.5% 54 686 38 782 493 053 345 465 426 093 323 889 15.7% 6.7% * Sales are estimates ** Reported aggregate sales numbers only Local Exp TOYOTA 13 559 4 436 SUZUKI AUTO 6 890 17 VOLKSWAGEN GROUP SA 6 221 13 300 HYUNDAI AUTOMOTIVE SOUTH AFRICA 3 017 - FORD MOTOR COMPANY 2 946 5 406 GWM SA 2 805 39 ISUZU MOTORS SOUTH AFRICA 2 784 576 CHERY AUTO SOUTH,data\raw\naamsa_pdfs\2025_11_20251104-Flash-Report-October-2025-Standard.pdf,49acb85ba6410426f8767fd9f53a1d2a2c3b13c4875bbff2e700470f9acc71fa,https://naamsa.net/wp-content/uploads/2025/11/20251104-Flash-Report-October-2025-Standard.pdf
2025,9,14146,"(aggregate|overall|total)[^0-9]{0,140}\bsales\b[^0-9]{0,160}(\d{1,3}(?:[,\s]\d{3})+|\d{5,6})",138 6 86 4 60.5% 50.0% 93 2 720 40 658 31 9.4% 29.0% Industry Total 54 700 38 772 44 000 29 180 24.3% 32.9% 51 775 37 524 436 854 308 613 377 765 291 207 15.6% 6.0% * Sales are estimates ** Reported aggregate sales numbers only Local Exp TOYOTA 14 146 8 138 SUZUKI AUTO 6 072 15 VOLKSWAGEN GROUP SA 5 763 11 376 FORD MOTOR COMPANY 3 093 7 590 HYUNDAI AUTOMOTIVE SOUTH AFRICA 3 005 - GWM SA 2 620 47 ISUZU MOTORS SOUTH AFRICA 2 478 507 CHERY AUTO SOUTH,data\raw\naamsa_pdfs\2025_10_20251002-Flash-Report-September-2025-Standard.pdf,80b7d0948dde4f01101fb1b9085aa2525cd7c105159197004f8b11c29b84a46b,https://naamsa.net/wp-content/uploads/2025/10/20251002-Flash-Report-September-2025-Standard.pdf
2025,9,54700,"(aggregate|overall|total)\s+(domestic\s+)?(industry\s+)?new\s+vehicle\s+sales[^0-9]{0,160}(\d{1,3}(?:[,\s]\d{3})+|\d{5,6})","2025 continued to unfold strongly against a backdrop of easing inflation, @rm but restrictive monetary policy, modest economic growth momentum and an ongoing expansion of imported models and brands. Aggregate new vehicle sales increased to 54,700 units in September 2025, its highest monthly level recorded since September 2015, up 10,700 units, or 24,3%, from the 44,000 units sold in September 2024. Overall, out of the total reported industry",data\raw\naamsa_pdfs\2025_10_20251002-naamsa-September-2025-New-Vehicle-Sales-Media-Release.pdf,79151bb554eeff49ad3b9941a57c8ca18e6deccc65818eee0ab2135fc4b2cd68,https://naamsa.net/wp-content/uploads/2025/10/20251002-naamsa-September-2025-New-Vehicle-Sales-Media-Release.pdf
2025,8,51880,"(aggregate|overall|total)\s+(domestic\s+)?(industry\s+)?new\s+vehicle\s+sales[^0-9]{0,160}(\d{1,3}(?:[,\s]\d{3})+|\d{5,6})","since October 2019, while export volumes also gained traction despite the fact that manufacturers and suppliers continued to adjust to renewed US tariff uncertainty and increasing global competition. Aggregate new vehicle sales increased to 51,880 units in August 2025, up 8,188 units, or 18,7%, from the 43,692 units sold in August 2024. This strength has been driven by an ongoing influx of affordable models, improving consumer confidence, favo",data\raw\naamsa_pdfs\2025_09_20250901-naamsa-August-2025-New-Vehicle-Sales-Media-Release.pdf,86f4b10990c5312c877bbda72d623169d4b99cc65a3540908d8878561f855425,https://naamsa.net/wp-content/uploads/2025/09/20250901-naamsa-August-2025-New-Vehicle-Sales-Media-Release.pdf
2025,7,11690,"(aggregate|overall|total)[^0-9]{0,140}\bsales\b[^0-9]{0,160}(\d{1,3}(?:[,\s]\d{3})+|\d{5,6})",61 4 108 4 -43.5% 0.0% 74 8 378 28 413 23 -8.5% 21.7% Industry Total 47 294 36 343 39 850 33 696 18.7% 7.9% 45 206 30 119 278 911 195 549 245 620 190 662 13.6% 2.6% * Sales are estimates ** Reported aggregate sales numbers only Local Exp TOYOTA 11 690 4 247 SUZUKI AUTO 5 221 26 VOLKSWAGEN GROUP SA 4 973 12 159 FORD MOTOR COMPANY 3 058 7 382 HYUNDAI AUTOMOTIVE SOUTH AFRICA 2 905 - GWM SA 2 288 63 CHERY AUTO SOUTH AFRICA 2 101 - ISUZU MOTORS SOUTH A,data\raw\naamsa_pdfs\2025_07_20250701-Flash-Report-Standard.pdf,a02e9a1f1f0e67cf3446093e9e8aeede55069a83753e728a0d021cc422d91f41,https://naamsa.net/wp-content/uploads/2025/07/20250701-Flash-Report-Standard.pdf
2025,7,51383,"(aggregate|overall|total)\s+(domestic\s+)?(industry\s+)?new\s+vehicle\s+sales[^0-9]{0,160}(\d{1,3}(?:[,\s]\d{3})+|\d{5,6})","ong-term sustainability and competitiveness. The South African new vehicle market continued its winning streak, with July delivering the highest monthly total sales Ggure reported since October 2019. Aggregate new vehicle sales increased to 51,383 units in July 2025, up 6,931 units, or 15,6%, from the 44,452 units sold in July 2024. This strength has been driven by improving consumer confidence, favourable credit conditions, and a steady recov",data\raw\naamsa_pdfs\2025_08_20250801-naamsa-July-2025-New-Vehicle-Sales-Media-Release.pdf,88c11608566bc3c54f05bee0311a14adb1016ff2ceb6d220592dd3e36782d3b2,https://naamsa.net/wp-content/uploads/2025/08/20250801-naamsa-July-2025-New-Vehicle-Sales-Media-Release.pdf
2025,6,10330,"(aggregate|overall|total)[^0-9]{0,140}\bsales\b[^0-9]{0,160}(\d{1,3}(?:[,\s]\d{3})+|\d{5,6})",73 8 71 4 2.8% 100.0% 59 2 316 24 305 19 3.6% 26.3% Industry Total 45 308 30 112 37 139 35 277 22.0% -14.6% 42 379 31 529 231 719 159 199 205 771 156 966 12.6% 1.4% * Sales are estimates ** Reported aggregate sales numbers only Local Exp TOYOTA 10 330 5 566 SUZUKI AUTO 5 536 19 VOLKSWAGEN GROUP SA 4 582 4 305 HYUNDAI AUTOMOTIVE SOUTH AFRICA 3 251 - FORD MOTOR COMPANY 2 932 6 963 GWM SA 2 069 86 CHERY AUTO SOUTH AFRICA 1 995 15 ISUZU MOTORS SOUTH A,data\raw\naamsa_pdfs\2025_06_20250602-Flash-Report-Standard.pdf,69b3ff0944be257cadaddd8d162ff24f62df330c99a946a40717232d4d3a5520,https://naamsa.net/wp-content/uploads/2025/06/20250602-Flash-Report-Standard.pdf
2025,6,47294,"(aggregate|overall|total)\s+(domestic\s+)?(industry\s+)?new\s+vehicle\s+sales[^0-9]{0,160}(\d{1,3}(?:[,\s]\d{3})+|\d{5,6})","demonstrated unwavering domestic momentum in the first half of 2025, closing this period strong. In line with naamsa’s earlier projection for a robust domestic performance in the first half of 2025, aggregate new vehicle sales climbed once again to reach 47,294 units in June 2025, up 7,444, or 18,7%, from the 39,850 units sold in June 2024 - reflecting a sustained and broad-based recovery in consumer and fleet demand. Overall, out of the total reported indu",data\raw\naamsa_pdfs\2025_07_20250701-naamsa-June-2025-New-Vehicle-Sales-Media-Release.pdf,7d7a1e150f5fb10c5a45f0f88065109341b49c3fbb1ba6b604b17c90028796bb,https://naamsa.net/wp-content/uploads/2025/07/20250701-naamsa-June-2025-New-Vehicle-Sales-Media-Release.pdf
2025,5,45308,"(aggregate|overall|total)\s+(reported\s+)?industry\s+sales[^0-9]{0,160}(\d{1,3}(?:[,\s]\d{3})+|\d{5,6})","ected an increase of 8,169 units, or a substantial gain of 22,0%, from the 37,139 vehicles sold in May 2024, buoyed by relatively stable economic fundamentals earlier in the year. Overall, out of the total reported industry sales of 45,308 vehicles, an estimated 40,062 units, or 88,4%, represented dealer sales, an estimated 6,8% represented sales to the vehicle rental industry, 3,0% to industry corporate fleets, and 1,8% to government",data\raw\naamsa_pdfs\2025_06_20250602-naamsa-May-2025-New-Vehicle-Sales-Media-Release.pdf,af12579d3e8792ec0643c453c7a6d3ecb3227c38ff9b411ea73ef8a2274572de,https://naamsa.net/wp-content/uploads/2025/06/20250602-naamsa-May-2025-New-Vehicle-Sales-Media-Release.pdf
2025,4,10363,"(aggregate|overall|total)[^0-9]{0,140}\bsales\b[^0-9]{0,160}(\d{1,3}(?:[,\s]\d{3})+|\d{5,6})",57 2 83 3 -31.3% -33.3% 61 6 241 16 234 15 3.0% 6.7% Industry Total 42 401 31 822 37 899 34 088 11.9% -6.6% 49 460 39 464 186 433 129 380 168 634 121 690 10.6% 6.3% * Sales are estimates ** Reported aggregate sales numbers only Local Exp TOYOTA 10 363 7 399 SUZUKI AUTO 5 977 15 VOLKSWAGEN GROUP SA 3 973 5 331 HYUNDAI AUTOMOTIVE SOUTH AFRICA 3 007 - FORD MOTOR COMPANY 2 398 6 492 GWM SA 1 943 1 CHERY AUTO SOUTH AFRICA 1 852 28 ISUZU MOTORS SOUTH AF,data\raw\naamsa_pdfs\2025_05_20250502-Flash-Report-April-2025.pdf,2d7d08494a42d535545fa65cb933bd27b2bb17d33e3edcf4fab71b3388d95892,https://naamsa.net/wp-content/uploads/2025/05/20250502-Flash-Report-April-2025.pdf
2025,4,42401,"(aggregate|overall|total)\s+(reported\s+)?industry\s+sales[^0-9]{0,160}(\d{1,3}(?:[,\s]\d{3})+|\d{5,6})","ence and competitiveness of the South African automotive exports remain steadfast. Our industry has navigated difficult global tides before, and we will compellingly do so again”. Overall, out of the total reported industry sales of 42,401 vehicles, an estimated 37,258 units, or 87,9%, represented dealer sales, an estimated 7,0% represented sales to the vehicle rental industry, 2,7% to industry corporate fleets, and 2,5% to government",data\raw\naamsa_pdfs\2025_05_20250502-_-naamsa-April-2025-New-Vehicle-Sales-Media-Release.pdf,312006c7bde1b0b8c2e969728c73c0395f80ae13f5ed00ca15d1ecd3c5b291ae,https://naamsa.net/wp-content/uploads/2025/05/20250502-_-naamsa-April-2025-New-Vehicle-Sales-Media-Release.pdf
2025,3,49493,"(aggregate|overall|total)[^0-9]{0,140}\bsales\b[^0-9]{0,160}(\d{1,3}(?:[,\s]\d{3})+|\d{5,6})","g. Despite broader macroeconomic uncertainties, the industry proved its ability to thrive amid geopolitical shifts and sustain its long-term growth trajectory. Domestic new vehicle sales surged, with aggregate sales reaching 49,493 units - an increase of 5,504 units, or 12.5%, compared to March 2024. The new passenger car market led the charge, soaring by 25.3% to 33,447 units, driven by robust consumer demand and a stable lend",data\raw\naamsa_pdfs\2025_04_20250401-naamsa-March-2025-New-Vehicle-Sales-Media-Release-1.pdf,dd302aae230bbd57419c0c56e2e182dc6227bde8c8f8c86a3857505879bd32d1,https://naamsa.net/wp-content/uploads/2025/04/20250401-naamsa-March-2025-New-Vehicle-Sales-Media-Release-1.pdf
2025,2,11743,"(aggregate|overall|total)[^0-9]{0,140}\bsales\b[^0-9]{0,160}(\d{1,3}(?:[,\s]\d{3})+|\d{5,6})",8500kg 83 5 55 8 50.9% -37.5% 41 2 124 7 90 9 37.8% -22.2% Industry Total 47 978 34 656 44 723 37 934 7.3% -8.6% 46 990 24 647 94 968 59 303 86 746 57 479 9.5% 3.2% * Sales are estimates ** Reported aggregate sales numbers only Local Exp TOYOTA 11 743 5 968 SUZUKI AUTO 6 044 20 VOLKSWAGEN GROUP SA 5 249 10 686 HYUNDAI AUTOMOTIVE SOUTH AFRICA 3 074 - FORD MOTOR COMPANY 2 900 5 795 ISUZU MOTORS SOUTH AFRICA 2 298 290 CHERY AUTO SOUTH AFRICA 1 924 25,data\raw\naamsa_pdfs\2025_03_20250303-Flash-Report-February-2025.pdf,4874278c6f0602d390241bb459f550f21534909464f6bf63c6afa2c8b3b5f844,https://naamsa.net/wp-content/uploads/2025/03/20250303-Flash-Report-February-2025.pdf
2025,2,47978,"(aggregate|overall|total)\s+(reported\s+)?industry\s+sales[^0-9]{0,160}(\d{1,3}(?:[,\s]\d{3})+|\d{5,6})","d to the 44,749 vehicles sold in February 2024. Export sales declined by 4,861 units, or 8.6%, to 34,656 units in February 2025 from the 39,517 vehicles exported in February 2024. Overall, out of the total reported industry sales of 47,978 vehicles, an estimated 40,376 units, or 84,1%, represented dealer sales, while an estimated 11,1% represented sales to the vehicle rental industry, 2,2% to industry corporate fleets, and 2,5% to gove",data\raw\naamsa_pdfs\2025_03_20250303-naamsa-February-2025-New-Vehicle-Sales-Media-Release.pdf,1b8efe054a71173e1229730ba84c251f367050a87fe777f189633ddc6a0948d5,https://naamsa.net/wp-content/uploads/2025/03/20250303-naamsa-February-2025-New-Vehicle-Sales-Media-Release.pdf
2025,1,12152,"(aggregate|overall|total)[^0-9]{0,140}\bsales\b[^0-9]{0,160}(\d{1,3}(?:[,\s]\d{3})+|\d{5,6})",00kg 41 2 35 1 17.1% 100.0% 104 5 41 2 35 1 17.1% 100.0% Industry Total 46 398 25 348 42 023 19 545 10.4% 29.7% 41 092 29 935 46 398 25 348 42 023 19 545 10.4% 29.7% * Sales are estimates ** Reported aggregate sales numbers only Local Exp TOYOTA 12 152 4 751 SUZUKI AUTO 6 399 16 VOLKSWAGEN GROUP SA 5 676 10 168 HYUNDAI AUTOMOTIVE SOUTH AFRICA 2 760 - FORD MOTOR COMPANY 2 467 2 239 CHERY AUTO SOUTH AFRICA 1 913 25 GWM SA 1 756 87 ISUZU MOTORS SOUTH,data\raw\naamsa_pdfs\2025_02_20250203-Flash-Report-January-2025.pdf,99744455de96098baf411a3f193977ec26fdc1075a6ef7400de4f6a0df658b36,https://naamsa.net/wp-content/uploads/2025/02/20250203-Flash-Report-January-2025.pdf
2025,1,46398,"(aggregate|overall|total)\s+(reported\s+)?industry\s+sales[^0-9]{0,160}(\d{1,3}(?:[,\s]\d{3})+|\d{5,6})","ry 2024. Export sales increased by 5,803 units, or 29,7%, to 25,348 units in January 2025 compared to the 19,545 vehicles exported in January 2024”, said Mikel Mabasa, naamsa CEO. Overall, out of the total reported industry sales of 46,398 vehicles, an estimated 37,799 units, or 81,4%, represented dealer sales, an estimated 14,8% represented sales to the vehicle rental industry, 2,2% to industry corporate fleets, and 1,6% to government",data\raw\naamsa_pdfs\2025_02_20250203-naamsa-January-2025-new-vehicle-sales-media-release.pdf,28fb5d23c953827bcf7bb82bf71ae5d4b27d9c2d2ba2fee7a1d2d9071e8b5948,https://naamsa.net/wp-content/uploads/2025/02/20250203-naamsa-January-2025-new-vehicle-sales-media-release.pdf
2024,11,12106,"(aggregate|overall|total)[^0-9]{0,140}\bsales\b[^0-9]{0,160}(\d{1,3}(?:[,\s]\d{3})+|\d{5,6})",11 85 3 20.0% 266.7% 80 4 840 46 661 42 27.1% 9.5% Industry Total 48 585 30 431 44 927 42 641 8.1% -28.6% 47 990 22 831 474 469 283 454 491 513 372 505 -3.5% -23.9% * Sales are estimates ** Reported aggregate sales numbers only Local Exp TOYOTA 12 106 4 088 VOLKSWAGEN GROUP SA 6 321 1 780 SUZUKI AUTO 6 004 25 FORD MOTOR COMPANY 3 071 10 574 HYUNDAI AUTOMOTIVE SOUTH AFRICA 2 940 - ISUZU MOTORS SOUTH AFRICA 2 061 347 CHERY AUTO SOUTH AFRICA 2 006 35,data\raw\naamsa_pdfs\2024_12_20241202-Flash-Report-November-2024.pdf,e3f3a0d78ea37b2252d6a1142d98fa11224cade078642e16219e8e1e6c29af1b,https://naamsa.net/wp-content/uploads/2024/12/20241202-Flash-Report-November-2024.pdf
2024,11,48585,"(aggregate|overall|total)\s+(reported\s+)?industry\s+sales[^0-9]{0,160}(\d{1,3}(?:[,\s]\d{3})+|\d{5,6})","4,927 vehicles sold in November 2023. Export sales decreased by 12,210 units, or 28,6%, to 30,431 units in November 2024 compared to the 42,641 vehicles exported in November 2023. Overall, out of the total reported industry sales of 48,585 vehicles, an estimated 39,450 units, or 81,2%, represented dealer sales, an estimated 14,6% represented sales to the vehicle rental industry, 2,4% to government sales, and 1,8% to industry corporate",data\raw\naamsa_pdfs\2024_12_20241202-naamsa-November-2024-new-vehicle-sales-media-release.pdf,8d5de38c2ee4a556f44586f1d81e10b918cc7445e1876b1588da2f385da8b5fa,https://naamsa.net/wp-content/uploads/2024/12/20241202-naamsa-November-2024-new-vehicle-sales-media-release.pdf
2024,10,11891,"(aggregate|overall|total)[^0-9]{0,140}\bsales\b[^0-9]{0,160}(\d{1,3}(?:[,\s]\d{3})+|\d{5,6})",81 4 68 4 19.1% 0.0% 86 4 738 36 576 39 28.1% -7.7% Industry Total 47 924 23 342 45 418 40 666 5.5% -42.6% 43 995 21 134 425 806 253 535 446 587 329 864 -4.7% -23.1% * Sales are estimates ** Reported aggregate sales numbers only Local Exp TOYOTA 11 891 4 827 VOLKSWAGEN GROUP SA 6 340 2 015 SUZUKI AUTO 6 006 15 FORD MOTOR COMPANY 2 965 4 477 HYUNDAI AUTOMOTIVE SOUTH AFRICA 2 913 - ISUZU MOTORS SOUTH AFRICA 2 251 498 CHERY AUTO SOUTH AFRICA 1 831 37,data\raw\naamsa_pdfs\2024_11_20241101-Flash-Report-October-2024.pdf,843f5a5b46cb5eb835d864159c0564ce43ad2662094a4058005339f6a160aa65,https://naamsa.net/wp-content/uploads/2024/11/20241101-Flash-Report-October-2024.pdf
2024,10,47924,"(aggregate|overall|total)\s+(reported\s+)?industry\s+sales[^0-9]{0,160}(\d{1,3}(?:[,\s]\d{3})+|\d{5,6})","45,418 vehicles sold in October 2023. Export sales decreased by 17,324 units, or 42,6%, to 23,342 units in October 2024 compared to the 40,666 vehicles exported in October 2023”. “Overall, out of the total reported industry sales of 47,924 vehicles, an estimated 38,520 units, or 80,4%, represented dealer sales, an estimated 14,8% represented sales to the vehicle rental industry, 2,6% to industry corporate fleets, and 2,2% to government",data\raw\naamsa_pdfs\2024_11_20241101-naamsa-October-2024-new-vehicle-sales-media-release.pdf,441a03a3d8585d1ae6c2595fd31083857b25919d582d4d6acad2ed01c0ebd7c9,https://naamsa.net/wp-content/uploads/2024/11/20241101-naamsa-October-2024-new-vehicle-sales-media-release.pdf
2024,9,10890,"(aggregate|overall|total)[^0-9]{0,140}\bsales\b[^0-9]{0,160}(\d{1,3}(?:[,\s]\d{3})+|\d{5,6})",5 86 4 -1.2% 25.0% 76 1 656 33 508 35 29.1% -5.7% Industry Total 44 081 21 964 45 970 35 499 -4.1% -38.1% 43 681 27 273 377 835 232 199 401 169 289 198 -5.8% -19.7% * Sales are estimates ** Reported aggregate sales numbers only Local Exp TOYOTA 10 890 2 031 VOLKSWAGEN GROUP SA 5 885 2 449 SUZUKI AUTO 5 023 23 HYUNDAI AUTOMOTIVE SOUTH AFRICA 2 841 - FORD MOTOR COMPANY 2 823 8 603 ISUZU MOTORS SOUTH AFRICA 1 960 407 GWM SA 1 740 132 CHERY AUTO SOUTH,data\raw\naamsa_pdfs\2024_10_20241001-Flash-Report-September-2024-1.pdf,9b426a7ae926f491ca2791e67c609717a26966da8f7ab72b7f141145db2bbbf4,https://naamsa.net/wp-content/uploads/2024/10/20241001-Flash-Report-September-2024-1.pdf
2024,9,44081,"(aggregate|overall|total)\s+(reported\s+)?industry\s+sales[^0-9]{0,160}(\d{1,3}(?:[,\s]\d{3})+|\d{5,6})","ion cycles, compounded by stricter environmental regulations in key global markets. These combined pressures have tempered growth in an industry poised for recovery amid shifting dynamics. Out of the total industry sales of 44,081 vehicles, an estimated 34,830 units, or 79%, represented dealer sales. An estimated 15% were attributed to sales in the vehicle rental industry, 3% to government, and 2% to corporate fleet sales. The",data\raw\naamsa_pdfs\2024_10_20241001-naamsa-September-2024-new-vehicle-sales-media-release-1.pdf,e5583a45e33d90b6c28c54a63f401f7c58f3e9e69bba0e6d78d3a215b57d84ab,https://naamsa.net/wp-content/uploads/2024/10/20241001-naamsa-September-2024-new-vehicle-sales-media-release-1.pdf
2024,8,10656,"(aggregate|overall|total)[^0-9]{0,140}\bsales\b[^0-9]{0,160}(\d{1,3}(?:[,\s]\d{3})+|\d{5,6})",2 53 5 41.5% -60.0% 83 3 571 29 422 31 35.3% -6.5% Industry Total 43 588 28 073 45 854 42 731 -4.9% -34.3% 44 325 25 968 333 662 211 035 355 199 253 699 -6.1% -16.8% * Sales are estimates ** Reported aggregate sales numbers only Local Exp TOYOTA 10 656 1 701 VOLKSWAGEN GROUP SA 5 645 2 910 SUZUKI AUTO 5 131 20 FORD MOTOR COMPANY 2 960 8 123 HYUNDAI AUTOMOTIVE SOUTH AFRICA 2 721 - ISUZU MOTORS SOUTH AFRICA 1 961 455 CHERY AUTO SOUTH AFRICA 1 626 30,data\raw\naamsa_pdfs\2024_09_20240902-Flash-Report-August-2024.pdf,89180507636aaff1f16d158e7601c56a1e01aa4e2929f43730457621845ab2b5,https://naamsa.net/wp-content/uploads/2024/09/20240902-Flash-Report-August-2024.pdf
2024,8,43588,"(aggregate|overall|total)\s+(reported\s+)?industry\s+sales[^0-9]{0,160}(\d{1,3}(?:[,\s]\d{3})+|\d{5,6})","the 45,854 vehicles sold in August 2023. Export sales decreased by 14,658 units, or 34,3%, to 28,073 units in August 2024 compared to the 42,731 vehicles exported in August 2023. Overall, out of the total reported industry sales of 43,588 vehicles, an estimated 35,503 units, or 81,5%, represented dealer sales, an estimated 12,4% represented sales to the vehicle rental industry, 3,3% to government, and 2,8% to industry corporate fleets",data\raw\naamsa_pdfs\2024_09_20240902-naamsa-August-2024-new-vehicle-sales-media-release.pdf,045b6b94cf6ef91a023c4e625ea01ce8ee35d8d9a2f20c75dde694cbee9808c7,https://naamsa.net/wp-content/uploads/2024/09/20240902-naamsa-August-2024-new-vehicle-sales-media-release.pdf
2024,7,10812,"(aggregate|overall|total)[^0-9]{0,140}\bsales\b[^0-9]{0,160}(\d{1,3}(?:[,\s]\d{3})+|\d{5,6})",69 8 38 2 81.6% 300.0% 57 6 370 26 295 44 25.4% -40.9% Industry Total 43 389 37 064 42 822 25 168 1.3% 47.3% 46 800 27 329 309 359 209 900 296 362 190 871 4.4% 10.0% * Sales are estimates ** Reported aggregate sales numbers only Local Exp TOYOTA 10 812 7 437 VOLKSWAGEN GROUP SA 5 797 10 326 SUZUKI AUTO 4 361 12 HYUNDAI AUTOMOTIVE SOUTH AFRICA 2 878 - FORD MOTOR COMPANY 2 500 7 686 NISSAN 2 308 475 HAVAL MOTORS SA 2 030 12 ISUZU MOTORS SOUTH AFRICA,data\raw\naamsa_pdfs\2024_05_20230801-Flash-Report-Summary-July-2023-1.pdf,d7a91ce64e5a56d2535867f67aebc14ac98b2c4c9c06c1088e2964b0d7ce12ec,https://naamsa.net/wp-content/uploads/2024/05/20230801-Flash-Report-Summary-July-2023-1.pdf
2024,7,11131,"(aggregate|overall|total)[^0-9]{0,140}\bsales\b[^0-9]{0,160}(\d{1,3}(?:[,\s]\d{3})+|\d{5,6})",3 68 8 22.1% -62.5% 108 4 496 27 369 26 34.4% 3.8% Industry Total 44 229 25 461 43 572 38 132 1.5% -33.2% 39 873 25 850 289 982 182 455 309 345 210 968 -6.3% -13.5% * Sales are estimates ** Reported aggregate sales numbers only Local Exp TOYOTA 11 131 1 706 VOLKSWAGEN GROUP SA 6 178 3 735 SUZUKI AUTO 4 816 17 FORD MOTOR COMPANY 2 901 5 440 HYUNDAI AUTOMOTIVE SOUTH AFRICA 2 699 - ISUZU MOTORS SOUTH AFRICA 2 072 370 NISSAN 1 884 287 CHERY AUTO SOUTH,data\raw\naamsa_pdfs\2024_08_20240801-Flash-Report-Summary-July-2024.pdf,f6ec5b0d1b02e03a26addee2b5da88c4d60fa2f5dcf8e35af3f040803b9660d0,https://naamsa.net/wp-content/uploads/2024/08/20240801-Flash-Report-Summary-July-2024.pdf
2024,7,44229,"(aggregate|overall|total)\s+(reported\s+)?industry\s+sales[^0-9]{0,160}(\d{1,3}(?:[,\s]\d{3})+|\d{5,6})","43,572 vehicles sold in July 2023. Export sales, however, decreased by 12,671 units, or 33,2%, to 25,461 units in July 2024 compared to the 38,132 vehicles exported in July 2023. Overall, out of the total reported industry sales of 44,229 vehicles, an estimated 35,853 units, or 81,1%, represented dealer sales, an estimated 13,5% represented sales to the vehicle rental industry, 2,9% to government, and 2,5% to industry corporate fleets",data\raw\naamsa_pdfs\2024_08_20240801-naamsa-July-2024-new-vehicle-sales-media-release.pdf,522e054bf83bbf344932b933ba826f61520cc0438cc2e8f4f008684e9e3fbf91,https://naamsa.net/wp-content/uploads/2024/08/20240801-naamsa-July-2024-new-vehicle-sales-media-release.pdf
2024,6,13016,"(aggregate|overall|total)[^0-9]{0,140}\bsales\b[^0-9]{0,160}(\d{1,3}(?:[,\s]\d{3})+|\d{5,6})",4 69 15 -14.5% -73.3% 53 2 303 16 257 42 17.9% -61.9% Industry Total 46 810 27 296 41 052 31 216 14.0% -12.6% 43 205 31 112 265 824 173 560 253 540 165 703 4.8% 4.7% * Sales are estimates ** Reported aggregate sales numbers only Local Exp TOYOTA 13 016 4 028 VOLKSWAGEN GROUP SA 5 578 6 837 SUZUKI AUTO 4 335 12 HYUNDAI AUTOMOTIVE SOUTH AFRICA 2 645 - FORD MOTOR COMPANY 2 514 2 373 NISSAN 2 380 370 ISUZU MOTORS SOUTH AFRICA 2 365 452 RENAULT 1 836 -,data\raw\naamsa_pdfs\2024_05_20230703-Flash-Report-Summary-June-2023.pdf,1f512b22051918a71216ff14f52197f9357182487e403f079d4ab481f42721bc,https://naamsa.net/wp-content/uploads/2024/05/20230703-Flash-Report-Summary-June-2023.pdf
2024,6,46603,FALLBACK_NUMBER_SCAN,2 584 131 -3.1% -25.2% Extra Heavy CV > 16500kg 1 534 22 1 749 41 -12.3% -46.3% 1 375 36 8 357 101 8 588 222 -2.7% -54.5% Bus > 8500kg 108 4 57 6 89.5% -33.3% 71 4 413 24 301 18 37.2% 33.3% Industry Total 40 072 28 306 46 603 27 329 -14.0% 3.6% 37 120 23 604 246 052 156 244 265 773 172 836 -7.4% -9.6% * Sales are estimates ** Reported aggregate sales numbers only Local Exp TOYOTA 9 743 3 530 VOLKSWAGEN GROUP SA 5 514 3 352 SUZUKI AUTO 4 297,data\raw\naamsa_pdfs\2024_07_20240701-Flash-Report-Summary-June-2024-1.pdf,22a9fd99551fbfed312998591713dd44b253976d142b175d30831031c26647f2,https://naamsa.net/wp-content/uploads/2024/07/20240701-Flash-Report-Summary-June-2024-1.pdf
2024,6,40072,"(aggregate|overall|total)\s+(reported\s+)?industry\s+sales[^0-9]{0,160}(\d{1,3}(?:[,\s]\d{3})+|\d{5,6})","sold in June 2023. Export sales recorded a welcomed increase of 977 units, or 3,6%, to 28,306 units in June 2024 compared to the 27,329 vehicles exported in June 2023. Page 1 of 3 Overall, out of the total reported industry sales of 40,072 vehicles, an estimated 33,039 units, or 82,5%, represented dealer sales, an estimated 11,0% represented sales to the vehicle rental industry, 3,6% to government, and 2,9% to industry corporate fleets",data\raw\naamsa_pdfs\2024_07_20240701-naamsa-June-2024-new-vehicle-sales-media-release-1.pdf,9da102146a8b1ef4b02c2646b1aed333621d99afb8e4ee29a42dc86b7096f2c1,https://naamsa.net/wp-content/uploads/2024/07/20240701-naamsa-June-2024-new-vehicle-sales-media-release-1.pdf
2024,5,11395,"(aggregate|overall|total)[^0-9]{0,140}\bsales\b[^0-9]{0,160}(\d{1,3}(?:[,\s]\d{3})+|\d{5,6})",3 59 15 -11.9% -80.0% 72 1 243 13 188 27 29.3% -51.9% Industry Total 43 060 31 833 39 101 19 007 10.1% 67.5% 37 238 30 341 218 869 146 985 212 488 134 487 3.0% 9.3% * Sales are estimates ** Reported aggregate sales numbers only Local Exp TOYOTA 11 395 5 531 VOLKSWAGEN GROUP SA 5 259 7 855 SUZUKI AUTO 3 709 4 HYUNDAI AUTOMOTIVE SOUTH AFRICA 2 745 - FORD MOTOR COMPANY 2 491 6 274 NISSAN 2 314 482 HAVAL MOTORS SA 1 877 43 ISUZU MOTORS SOUTH AFRICA 1,data\raw\naamsa_pdfs\2024_05_20230601-Flash-Report-Summary-May-2023.pdf,c70c11bb62cf26f10491b1dd7a91f59784447b6d6faa55ae72ec47e5f963d9da,https://naamsa.net/wp-content/uploads/2024/05/20230601-Flash-Report-Summary-May-2023.pdf
2024,5,43242,FALLBACK_NUMBER_SCAN,092 81 2 057 96 1.7% -15.6% Extra Heavy CV > 16500kg 1 375 36 1 772 34 -22.4% 5.9% 1 466 2 6 823 79 6 839 181 -0.2% -56.4% Bus > 8500kg 71 4 53 2 34.0% 100.0% 83 4 305 20 244 12 25.0% 66.7% Industry Total 37 105 24 235 43 242 29 947 -14.2% -19.1% 38 062 22 670 205 965 128 569 219 170 145 507 -6.0% -11.6% * Sales are estimates ** Reported aggregate sales numbers only Local Exp TOYOTA 8 795 2 447 VOLKSWAGEN GROUP SA 4 939 2 912 SUZUKI AUTO 4 1,data\raw\naamsa_pdfs\2024_06_20240603-Flash-Report-Summary-May-2024.pdf,f54c12592897dc454bad297f8f89facf2a0034dbf0d956c69debf14bdbf31622,https://naamsa.net/wp-content/uploads/2024/06/20240603-Flash-Report-Summary-May-2024.pdf
2024,3,13406,"(aggregate|overall|total)[^0-9]{0,140}\bsales\b[^0-9]{0,160}(\d{1,3}(?:[,\s]\d{3})+|\d{5,6})",0kg 43 - 44 1 -2.3% -100.0% 28 5 118 9 93 3 26.9% 200.0% Industry Total 50 157 34 134 50 465 33 108 -0.6% 3.1% 45 198 30 212 139 437 84 774 136 192 88 363 2.4% -4.1% * Sales are estimates ** Reported aggregate sales numbers only Local Exp TOYOTA 13 406 3 804 VOLKSWAGEN GROUP SA 6 139 10 029 SUZUKI AUTO 3 734 42 HYUNDAI AUTOMOTIVE SOUTH AFRICA 3 032 - NISSAN 3 012 479 FORD MOTOR COMPANY 2 993 5 708 ISUZU MOTORS SOUTH AFRICA 2 691 763 RENAULT 2 058 -,data\raw\naamsa_pdfs\2024_05_20230403-Flash-Report-Summary-March-2023-1.pdf,872a4ac9e92388863bc014d7d2c4854e7a2ad69c9362f838822eafc8aca7facb,https://naamsa.net/wp-content/uploads/2024/05/20230403-Flash-Report-Summary-March-2023-1.pdf
2024,1,12532,"(aggregate|overall|total)[^0-9]{0,140}\bsales\b[^0-9]{0,160}(\d{1,3}(?:[,\s]\d{3})+|\d{5,6})",8500kg 47 4 24 2 95.8% 100.0% 72 - 47 4 24 2 95.8% 100.0% Industry Total 43 509 20 536 41 503 20 903 4.8% -1.8% 41 723 26 295 43 509 20 536 41 503 20 903 4.8% -1.8% * Sales are estimates ** Reported aggregate sales numbers only Local Exp TOYOTA 12 532 7 352 VOLKSWAGEN GROUP SA 5 081 5 315 SUZUKI AUTO 4 357 5 NISSAN 2 927 278 HYUNDAI AUTOMOTIVE SOUTH AFRICA 2 525 - RENAULT 2 051 - KIA SOUTH AFRICA 1 686 - FORD MOTOR COMPANY 1 661 1 682 HAVAL MOTORS,data\raw\naamsa_pdfs\2024_05_20230201-Flash-Report-Summary-January-2023.pdf,6fa56ead81208b75dc0caf3505ce3168c6b015629366d64ef9f19495e5c52f3c,https://naamsa.net/wp-content/uploads/2024/05/20230201-Flash-Report-Summary-January-2023.pdf
